"","date","Mkt-RF","SMB","HML","RMW","CMA","RF","MOM"
"1",2022-01-03,0.72,0.44,0.77,-1.17,0.53,0,-1.07
"2",2022-01-04,-0.27,-0.06,3.64,0.64,1.56,0,0.44
"3",2022-01-05,-2.26,-0.93,2.58,1.41,1.29,0,-0.68
"4",2022-01-06,0,0.38,1.76,-0.56,0.01,0,0.74
"5",2022-01-07,-0.49,-0.96,2.02,-0.13,0.85,0,-0.63
"6",2022-01-10,-0.14,-0.31,-0.27,-0.06,-0.36,0,-0.15
"7",2022-01-11,1.08,-0.2,-0.27,-1.24,0.35,0,-0.13
"8",2022-01-12,0.13,-0.85,0.52,0.77,0.29,0,1.22
"9",2022-01-13,-1.55,0.88,2.39,1.18,1.04,0,-0.2
"10",2022-01-14,0.08,0.05,0.55,-0.85,0.52,0,-0.08
"11",2022-01-18,-2.07,-0.9,1.38,0.79,0.98,0,0.09
"12",2022-01-19,-1.02,-0.36,-0.67,0.25,0.1,0,-0.37
"13",2022-01-20,-1.15,-0.84,-0.23,-0.31,0.09,0,-0.45
"14",2022-01-21,-2.09,0.39,0.47,1.03,0.54,0,0.46
"15",2022-01-24,0.54,1.75,-0.25,-0.06,-0.67,0,0.08
"16",2022-01-25,-1.42,-0.18,2.8,-0.79,1.62,0,0.24
"17",2022-01-26,-0.29,-1.06,0.1,0.42,-0.02,0,1.33
"18",2022-01-27,-0.76,-1.46,0.83,1.05,0.92,0,0.36
"19",2022-01-28,2.46,-0.62,-2.08,0.16,0.16,0,-0.29
"20",2022-01-31,2.32,0.7,-2.87,-1.82,-1.67,0,-1.77
"21",2022-02-01,0.87,0.12,0.65,-1.1,0.33,0,0.05
"22",2022-02-02,0.51,-1.58,0.7,1.5,0.51,0,2.43
"23",2022-02-03,-2.49,0.46,2.19,0.43,1.36,0,1.23
"24",2022-02-04,0.89,-0.3,-0.6,-1.73,-1.2,0,-2.42
"25",2022-02-07,-0.24,0.67,0.2,-0.71,-0.01,0,-0.36
"26",2022-02-08,1.02,0.73,-0.29,0.93,-0.42,0,-0.16
"27",2022-02-09,1.6,0.02,-1.96,-1.1,-0.26,0,-1.12
"28",2022-02-10,-1.69,0.02,1.23,-0.56,0.27,0,0.34
"29",2022-02-11,-1.91,0.92,2.13,-0.2,1.43,0,0.78
"30",2022-02-14,-0.35,0.08,-0.62,0.69,-0.18,0,0
"31",2022-02-15,1.85,1.02,-1.41,-0.68,-0.81,0,-0.96
"32",2022-02-16,-0.02,0.04,0.32,0.61,0.42,0,0.6
"33",2022-02-17,-2.29,-0.05,1.15,0.88,1.47,0,1.03
"34",2022-02-18,-0.85,0.12,0.95,1.07,0.44,0,1.09
"35",2022-02-22,-1.17,-0.36,0.09,-0.04,0.17,0,0.51
"36",2022-02-23,-1.95,0.06,1.25,0.02,1.07,0,0.94
"37",2022-02-24,1.87,0.69,-3.88,-1.79,-1.8,0,-3.05
"38",2022-02-25,2.24,-0.14,1.19,0.36,-0.19,0,0.73
"39",2022-02-28,0.03,0.39,-0.46,-0.8,0.25,0,-0.29
"40",2022-03-01,-1.55,-0.28,-0.85,-0.41,0.54,0,0.27
"41",2022-03-02,1.82,0.63,1.3,0.52,0.47,0,1.32
"42",2022-03-03,-0.86,-0.22,1.51,1.25,1.25,0,1.35
"43",2022-03-04,-1.09,-0.52,0.72,0.37,1.23,0,1.53
"44",2022-03-07,-3.14,0.73,0.89,-0.69,1.35,0,0.57
"45",2022-03-08,-0.53,1,0.3,-1.12,-0.24,0,-0.86
"46",2022-03-09,2.79,0.01,-2.17,-0.41,-1.58,0,-0.99
"47",2022-03-10,-0.47,0.3,1.18,-0.33,0.34,0,0.96
"48",2022-03-11,-1.48,-0.12,1.76,0.97,0.64,0,1.3
"49",2022-03-14,-1.04,-0.84,1.79,2.19,0.1,0,1.3
"50",2022-03-15,2.15,-0.49,-2.37,0.77,-0.99,0,-0.77
"51",2022-03-16,2.6,0.44,-1.85,-1.16,-1.58,0,-2.16
"52",2022-03-17,1.42,0.16,-1.06,-1.61,-0.2,0,-0.69
"53",2022-03-18,1.32,-0.19,-1.87,-0.55,-0.84,0,-1.01
"54",2022-03-21,-0.17,-0.94,1.64,-0.2,1.55,0,1.59
"55",2022-03-22,1.3,-0.22,-1.19,-0.82,-1.03,0,-0.88
"56",2022-03-23,-1.25,-0.62,0.4,-0.51,1.52,0,0.8
"57",2022-03-24,1.42,-0.32,-0.82,-0.48,-0.13,0,-0.24
"58",2022-03-25,0.28,-0.3,2.19,0.2,1.37,0,1.13
"59",2022-03-28,0.73,-0.87,-1.72,0.51,-1.24,0,-0.54
"60",2022-03-29,1.43,1.19,-1.92,-0.32,-0.99,0,-2.02
"61",2022-03-30,-0.82,-1.12,0.4,0.37,0.92,0,1.04
"62",2022-03-31,-1.54,0.62,-0.45,-0.22,0.4,0,0.41
"63",2022-04-01,0.39,0.58,-0.61,-0.92,0.05,0,-0.18
"64",2022-04-04,0.93,-0.56,-1.86,-0.77,-0.7,0,-1.53
"65",2022-04-05,-1.53,-0.72,0.82,0.69,0.15,0,1.24
"66",2022-04-06,-1.23,-0.3,1.08,0.23,0.88,0,1.45
"67",2022-04-07,0.34,-0.61,-0.12,0.37,0.3,0,1.2
"68",2022-04-08,-0.38,-0.53,2.27,0.37,1.04,0,0.94
"69",2022-04-11,-1.54,0.62,1.05,0.46,0.1,0,-0.85
"70",2022-04-12,-0.29,0.56,0.47,-0.24,1.07,0,0.96
"71",2022-04-13,1.39,0.61,-0.71,-1,0,0,-0.18
"72",2022-04-14,-1.28,0.32,1.43,0.17,0.98,0,0.79
"73",2022-04-18,-0.19,-0.58,1.8,0.77,0.67,0,1.54
"74",2022-04-19,1.76,0.4,-0.97,0.54,-1.26,0,-1.4
"75",2022-04-20,-0.27,0.5,1.26,0.77,1.18,0,2.27
"76",2022-04-21,-1.73,-0.56,0.41,1.79,0.44,0,0.36
"77",2022-04-22,-2.74,0.26,-0.18,-0.15,-0.21,0,-0.33
"78",2022-04-25,0.7,0.12,-1.86,0.11,-1.11,0,-1.24
"79",2022-04-26,-2.99,-0.36,1.8,0.24,1.25,0,1.28
"80",2022-04-27,0.13,-0.56,0.34,0.14,0.8,0,1.22
"81",2022-04-28,2.45,-0.52,-0.42,0.48,0.05,0,-0.36
"82",2022-04-29,-3.54,0.88,0.61,-0.24,0.68,0,0.23
"83",2022-05-02,0.8,0.38,-1.16,-0.63,-1.35,0.001,-1.78
"84",2022-05-03,0.41,0.16,1.65,0.01,1.19,0.001,0.81
"85",2022-05-04,3.01,-0.47,0.24,0.02,0.07,0.001,-0.29
"86",2022-05-05,-3.8,-0.23,2.37,0.59,1.22,0.001,1.21
"87",2022-05-06,-0.85,-1.01,1.84,0.98,1.39,0.001,1.4
"88",2022-05-09,-3.52,-0.05,1.33,4.26,-0.2,0.001,0.12
"89",2022-05-10,0.22,-0.49,-1.22,-0.68,0.28,0.001,1.12
"90",2022-05-11,-1.93,-0.61,2.61,0.62,1.02,0.001,2.01
"91",2022-05-12,0.15,1.2,-1.23,-0.34,-1.12,0.001,-2.51
"92",2022-05-13,2.74,0.37,-2.18,-2.14,-0.75,0.001,-1.5
"93",2022-05-16,-0.59,0.09,1.31,0.19,1.31,0.001,1.57
"94",2022-05-17,2.13,0.94,-0.05,-0.68,-0.31,0.001,-1.48
"95",2022-05-18,-4.06,0.46,1.54,-0.59,0.4,0.001,0.09
"96",2022-05-19,-0.34,0.4,-0.81,-1.21,-0.91,0.001,-1.38
"97",2022-05-20,-0.05,-0.13,-0.19,-0.1,0.19,0.001,-0.08
"98",2022-05-23,1.75,-0.92,1.31,-0.05,0.97,0.001,0.95
"99",2022-05-24,-1.21,-0.46,1.83,1.39,1.26,0.001,2.33
"100",2022-05-25,1.21,0.74,0.2,-0.51,-0.03,0.001,-0.84
"101",2022-05-26,2.18,0.02,-0.61,-0.14,-0.35,0.001,-0.95
"102",2022-05-27,2.58,0.03,-1.28,-0.65,-0.28,0.001,-0.72
"103",2022-05-31,-0.71,-0.39,0.46,0.8,-0.21,0.001,-0.5
"104",2022-06-01,-0.74,0.23,0.8,-0.2,1.03,0.003,1.29
"105",2022-06-02,2.08,0.4,-2.08,-0.42,-1.53,0.003,-2.03
"106",2022-06-03,-1.63,1.03,0.55,-0.81,0.46,0.003,0.9
"107",2022-06-06,0.33,0.04,0.66,0.47,0.17,0.003,-0.04
"108",2022-06-07,1,0.2,-0.15,-1.57,0.65,0.003,0.34
"109",2022-06-08,-1.02,-0.27,-0.53,-0.7,-0.25,0.003,-0.92
"110",2022-06-09,-2.43,0.46,0.26,0.85,0.21,0.003,1.17
"111",2022-06-10,-3,0.27,0.66,0.29,0.55,0.003,2.39
"112",2022-06-13,-4.12,-0.46,0.6,1.69,-0.31,0.003,2.13
"113",2022-06-14,-0.26,0.11,0.11,0.11,0.05,0.003,0.35
"114",2022-06-15,1.55,-0.03,-1.67,-0.19,-1.15,0.003,-2.33
"115",2022-06-16,-3.52,-1.1,0,0.59,-0.62,0.003,0.95
"116",2022-06-17,0.45,0.73,-2.68,0.37,-2.03,0.003,-3.4
"117",2022-06-21,2.38,-0.83,0.24,-0.93,0,0.003,1.35
"118",2022-06-22,-0.19,0.05,-1.82,0.62,-1.59,0.003,-1.63
"119",2022-06-23,1.12,0.31,-3.89,0.5,-1.94,0.003,-3.79
"120",2022-06-24,3.13,-0.42,-0.02,0.11,-0.37,0.003,-0.99
"121",2022-06-27,-0.27,0.77,1.25,-0.33,1.27,0.003,2.44
"122",2022-06-28,-2.09,0.04,2.4,-0.69,1.33,0.003,2.92
"123",2022-06-29,-0.19,-0.58,-1.34,1.08,-0.87,0.003,-0.1
"124",2022-06-30,-0.96,0.51,-0.14,0.9,-0.15,0.003,0.99
"125",2022-07-01,1.15,-0.04,0.12,-0.8,-0.09,0.004,-1.16
"126",2022-07-05,0.48,1.12,-3.34,-1.85,-2.26,0.004,-4.79
"127",2022-07-06,0.17,-0.87,-0.76,0.04,-0.35,0.004,0.21
"128",2022-07-07,1.76,0.87,-0.95,-0.8,-1.4,0.004,-1.04
"129",2022-07-08,-0.07,0.08,-0.08,-0.26,-0.22,0.004,0.43
"130",2022-07-11,-1.38,-0.99,1.61,1.7,1.4,0.004,2.77
"131",2022-07-12,-0.89,0.88,0.52,0.16,0.92,0.004,-0.64
"132",2022-07-13,-0.39,0.42,-0.41,0.03,-0.33,0.004,-0.04
"133",2022-07-14,-0.41,-0.45,-1.01,0.76,-0.01,0.004,0.55
"134",2022-07-15,1.96,0.03,0.5,-0.18,-0.31,0.004,-0.67
"135",2022-07-18,-0.71,0.35,1.01,0.2,-0.18,0.004,0.22
"136",2022-07-19,2.81,0.83,-0.54,-0.22,-0.66,0.004,-1.55
"137",2022-07-20,0.89,1.08,-1.33,-1.47,-1.59,0.004,-2.84
"138",2022-07-21,0.97,-0.38,-1.61,-0.26,-1,0.004,-1
"139",2022-07-22,-1.18,-0.85,1.39,1.77,1.52,0.004,2.35
"140",2022-07-25,0.12,0.1,1.65,0.64,0.54,0.004,2.1
"141",2022-07-26,-1.32,0.37,1.07,0.65,1.23,0.004,2.44
"142",2022-07-27,2.72,0.15,-1.27,-0.19,-1.5,0.004,-1.83
"143",2022-07-28,1.2,-0.03,-0.92,0.14,-0.96,0.004,-0.14
"144",2022-07-29,1.45,-0.91,0.45,0.49,-1.23,0.004,-0.68
"145",2022-08-01,-0.2,0.17,-0.24,0.22,0.36,0.008,-0.49
"146",2022-08-02,-0.5,0.56,-1.41,-2.23,-0.52,0.008,-1.12
"147",2022-08-03,1.67,0.27,-1.95,-1.54,-0.85,0.008,-3.15
"148",2022-08-04,-0.05,0.41,-1.65,-1.3,-0.94,0.008,-1.49
"149",2022-08-05,-0.04,0.95,-0.05,-1.27,-0.21,0.008,-0.13
"150",2022-08-08,0,0.96,-0.09,-0.54,0.22,0.008,-0.88
"151",2022-08-09,-0.67,-1.35,2.11,0.86,1.29,0.008,2.71
"152",2022-08-10,2.35,0.75,-1.62,-1.37,-1.45,0.008,-3.09
"153",2022-08-11,-0.07,0.21,1.67,0.78,1,0.008,0.71
"154",2022-08-12,1.76,0.5,-0.8,-0.64,-0.59,0.008,-0.71
"155",2022-08-15,0.38,-0.02,-0.61,-0.19,-0.05,0.008,0.01
"156",2022-08-16,0.19,-0.14,0.7,1.04,0.52,0.008,0.22
"157",2022-08-17,-0.92,-0.92,1.04,1.27,0.71,0.008,2.45
"158",2022-08-18,0.27,0.35,0.45,0.8,0.05,0.008,1.2
"159",2022-08-19,-1.49,-0.94,0.98,1.03,1.35,0.008,2.49
"160",2022-08-22,-2.13,-0.05,0.34,0.15,0.21,0.008,1.57
"161",2022-08-23,-0.11,0.12,0.31,-0.36,-0.25,0.008,0.14
"162",2022-08-24,0.39,0.52,-0.62,-1.45,-0.56,0.008,-0.92
"163",2022-08-25,1.45,0.12,-0.01,0.18,-0.39,0.008,-0.77
"164",2022-08-26,-3.37,-0.27,1.66,0.16,0.89,0.008,1.95
"165",2022-08-29,-0.71,-0.39,0.44,0.26,0.44,0.008,0.62
"166",2022-08-30,-1.11,-0.39,-0.22,-0.25,0.12,0.008,-0.89
"167",2022-08-31,-0.75,0.24,-0.47,-0.66,-0.18,0.008,-0.29
"168",2022-09-01,0,-1.05,-0.28,0.56,0.55,0.009,0.13
"169",2022-09-02,-0.99,0.1,1.03,-0.05,0.26,0.009,0.66
"170",2022-09-06,-0.51,-0.54,-0.54,-0.2,-0.69,0.009,0.3
"171",2022-09-07,1.92,0.41,-1.54,-1.35,-0.54,0.009,-1.96
"172",2022-09-08,0.78,-0.15,-0.18,-1.22,-1.06,0.009,-1.22
"173",2022-09-09,1.67,0.37,-0.51,-0.14,-0.52,0.009,-1.14
"174",2022-09-12,1.07,0.25,-0.17,-0.12,-0.16,0.009,-0.12
"175",2022-09-13,-4.29,0.06,1.41,-0.37,1,0.009,1.75
"176",2022-09-14,0.44,-0.18,-0.32,-0.78,-0.52,0.009,0.47
"177",2022-09-15,-1.04,0.39,0.61,-0.33,0.25,0.009,-0.16
"178",2022-09-16,-0.98,-0.75,0.86,1.71,0.95,0.009,1.57
"179",2022-09-19,0.72,-0.09,0.68,0.63,-0.06,0.009,0.78
"180",2022-09-20,-1.15,-0.29,0.03,-0.12,0.33,0.009,1.3
"181",2022-09-21,-1.68,0.35,0.06,0.38,0.12,0.009,0.53
"182",2022-09-22,-1.14,-1.14,0.44,1.14,1.02,0.009,1.75
"183",2022-09-23,-1.85,-0.46,-0.8,0.19,-0.18,0.009,-0.88
"184",2022-09-26,-1.02,-0.04,-0.75,0.16,-0.44,0.009,0.7
"185",2022-09-27,-0.05,0.58,-0.97,-0.65,-0.92,0.009,-0.12
"186",2022-09-28,2.14,0.9,-0.36,-0.87,-0.82,0.009,-1.48
"187",2022-09-29,-2.16,-0.29,0.92,0.43,0.55,0.009,0.94
"188",2022-09-30,-1.43,0.57,0.27,-0.66,-0.12,0.009,0.51
"189",2022-10-03,2.56,0,0.7,0.89,0.43,0.011,-0.2
"190",2022-10-04,3.3,0.74,-0.09,-0.97,-0.39,0.011,-2.35
"191",2022-10-05,-0.21,-0.37,0.05,0.34,0.14,0.011,0.48
"192",2022-10-06,-0.85,0.45,0.12,-0.13,-0.51,0.011,0.02
"193",2022-10-07,-2.9,-0.22,1.68,0.93,1.57,0.011,2.13
"194",2022-10-10,-0.8,0.24,0.76,1.54,0.44,0.011,1.36
"195",2022-10-11,-0.7,0.62,0.33,0.57,0.61,0.011,1.01
"196",2022-10-12,-0.27,0.02,0.04,0.01,0.03,0.011,-0.6
"197",2022-10-13,2.41,-0.24,1.57,0.65,0.93,0.011,0.69
"198",2022-10-14,-2.46,-0.18,1.23,0.55,1.73,0.011,0.95
"199",2022-10-17,2.74,0.35,-1.41,-0.97,-1.29,0.011,-1.85
"200",2022-10-18,1.19,-0.13,-0.02,-0.41,0.02,0.011,-0.2
"201",2022-10-19,-0.87,-1.18,1.19,0.71,0.81,0.011,1.95
"202",2022-10-20,-0.8,-0.32,-0.45,-0.61,0.13,0.011,-0.63
"203",2022-10-21,2.3,-0.07,0.09,0.68,-0.3,0.011,0.33
"204",2022-10-24,1.04,-0.61,0.47,1.14,0.54,0.011,0.83
"205",2022-10-25,1.78,1.01,-1.53,-1.22,-1.34,0.011,-2.97
"206",2022-10-26,-0.66,0.7,0.9,-0.73,0.69,0.011,0.59
"207",2022-10-27,-0.54,0.44,1.08,-0.3,0.47,0.011,0.56
"208",2022-10-28,2.33,0.09,-0.34,0.4,0.66,0.011,0
"209",2022-10-31,-0.68,0.46,0.73,-0.22,0.44,0.011,0.69
"210",2022-11-01,-0.35,0.45,0.8,0.02,0.54,0.014,-0.09
"211",2022-11-02,-2.67,-0.84,1.6,0.31,1.16,0.014,2.28
"212",2022-11-03,-1.03,0.39,0.28,-0.04,0.04,0.014,0.51
"213",2022-11-04,1.16,-0.25,1.28,2.33,0.65,0.014,0.3
"214",2022-11-07,0.87,-0.33,0.6,1.1,1.01,0.014,0.23
"215",2022-11-08,0.51,-0.53,-0.4,-0.16,0.05,0.014,-0.28
"216",2022-11-09,-2.24,-0.49,0.55,0.96,1.23,0.014,1.79
"217",2022-11-10,5.68,0.96,-3.1,-0.64,-2.92,0.014,-6.7
"218",2022-11-11,1.06,0.14,-1.05,-0.9,-1.22,0.014,-4.56
"219",2022-11-14,-0.95,-0.23,0.36,0.57,0.54,0.014,1.76
"220",2022-11-15,1.03,0.43,-0.73,-0.49,-0.54,0.014,-1.62
"221",2022-11-16,-1.02,-1.07,0.58,1.16,0.95,0.014,2.89
"222",2022-11-17,-0.42,-0.27,0.56,1.36,0.81,0.014,1.64
"223",2022-11-18,0.4,-0.09,0.11,0.38,0.71,0.014,1.29
"224",2022-11-21,-0.52,-0.2,0.99,0.5,1.14,0.014,1.71
"225",2022-11-22,1.36,-0.38,0.44,0.78,-0.23,0.014,-0.06
"226",2022-11-23,0.63,-0.25,-0.93,-0.73,-0.62,0.014,-1.85
"227",2022-11-25,-0.03,0.28,0.43,-0.17,0.13,0.014,0.68
"228",2022-11-28,-1.55,-0.49,-0.19,0.26,0.29,0.014,0.83
"229",2022-11-29,-0.19,0.35,1.04,0.21,0.51,0.014,0.42
"230",2022-11-30,3.12,-0.15,-2.08,-0.77,-1.47,0.014,-2.87
"231",2022-12-01,-0.02,0.04,-0.69,-0.34,-0.36,0.016,-0.62
"232",2022-12-02,-0.08,0.84,-0.56,-0.4,0.26,0.016,0.21
"233",2022-12-05,-2.02,-0.53,-0.54,0.87,1.1,0.016,0.73
"234",2022-12-06,-1.51,-0.03,1.14,0.86,0.77,0.016,1.59
"235",2022-12-07,-0.24,-0.18,-0.32,0.09,-0.16,0.016,0.55
"236",2022-12-08,0.76,-0.1,-1.2,-0.56,-0.63,0.016,-1.34
"237",2022-12-09,-0.8,-0.53,0.34,0.19,0.13,0.016,-0.54
"238",2022-12-12,1.41,-0.27,-0.16,-0.23,-0.13,0.016,0.05
"239",2022-12-13,0.66,0.07,-0.77,-0.27,-0.54,0.016,-1.22
"240",2022-12-14,-0.56,0.03,-0.45,-0.19,-0.07,0.016,0.23
"241",2022-12-15,-2.57,-0.13,1.39,0.25,0.42,0.016,1.65
"242",2022-12-16,-1.02,0.54,0.17,-0.08,0.46,0.016,0.35
"243",2022-12-19,-1,-0.6,1.25,0.73,1.2,0.016,2.12
"244",2022-12-20,0.13,0.25,0.25,-0.46,0.48,0.016,0.67
"245",2022-12-21,1.53,0.14,-0.12,0.39,-0.29,0.016,-0.09
"246",2022-12-22,-1.52,0.22,0.38,-0.13,0.89,0.016,1.02
"247",2022-12-23,0.52,-0.35,1.16,0.86,0.53,0.016,0.93
"248",2022-12-27,-0.5,-0.42,1.42,1.15,1.35,0.016,2.22
"249",2022-12-28,-1.24,-0.3,-0.28,-0.93,-0.08,0.016,-0.34
"250",2022-12-29,1.87,1.02,-1.06,-1.03,-0.9,0.016,-2.8
"251",2022-12-30,-0.22,0.14,-0.04,-0.54,-0.02,0.016,-0.28
"252",2023-01-03,-0.47,0.08,-0.1,0.27,0.54,0.017,-1.1
"253",2023-01-04,0.81,0.56,0.05,-0.69,0,0.017,-2.1
"254",2023-01-05,-1.14,0.17,1.2,0.81,0.9,0.017,1.26
"255",2023-01-06,2.21,-0.01,0.03,0.82,0.18,0.017,-0.12
"256",2023-01-09,0.04,0.33,-1.23,-0.65,-1.16,0.017,-2.1
"257",2023-01-10,0.79,0.87,-0.56,-0.4,-0.5,0.017,-1.01
"258",2023-01-11,1.25,0.01,-0.83,-0.19,-1.07,0.017,-1.79
"259",2023-01-12,0.45,1.4,-0.27,-1.1,-0.51,0.017,-0.59
"260",2023-01-13,0.46,0.24,-0.31,-0.14,-0.29,0.017,-0.24
"261",2023-01-17,-0.18,-0.01,-0.55,-0.61,-0.43,0.017,-0.72
"262",2023-01-18,-1.55,0.02,-0.71,0.27,0.02,0.017,-0.31
"263",2023-01-19,-0.86,-0.1,0.84,0.54,0.7,0.017,0.64
"264",2023-01-20,1.94,-0.04,-0.68,-0.17,-0.8,0.017,-2.21
"265",2023-01-23,1.28,-0.04,-0.99,-0.41,-1.04,0.017,-2.14
"266",2023-01-24,-0.16,-0.16,0.18,-0.19,0.38,0.017,1.18
"267",2023-01-25,0,0.13,0.69,0.06,0.21,0.017,0.1
"268",2023-01-26,1.09,-0.64,0.01,-0.2,-0.47,0.017,-1.26
"269",2023-01-27,0.34,0.33,-1.13,-0.6,-1.29,0.017,-2.52
"270",2023-01-30,-1.38,0.03,0.74,0.36,0.93,0.017,1.4
"271",2023-01-31,1.58,0.93,-0.06,-0.1,-0.55,0.017,-0.65
"272",2023-02-01,1.19,0.63,-1.65,-0.12,-1.15,0.018,-2.57
"273",2023-02-02,1.54,1.15,-2.07,-0.24,-1.76,0.018,-4.66
"274",2023-02-03,-1.08,0.4,0.98,1.01,1.05,0.018,1.56
"275",2023-02-06,-0.73,-0.8,0.43,-0.23,0.46,0.018,1.01
"276",2023-02-07,1.25,-0.5,-0.04,0.3,-0.36,0.018,-0.81
"277",2023-02-08,-1.18,-0.69,0.71,-0.29,-0.04,0.018,0.92
"278",2023-02-09,-0.94,-0.61,0.21,0.31,0.38,0.018,1.13
"279",2023-02-10,0.12,-0.3,1.5,0.54,0.91,0.018,2.29
"280",2023-02-13,1.14,0.09,-0.73,0.49,-0.31,0.018,-0.48
"281",2023-02-14,0.12,-0.05,-0.68,-0.61,-0.94,0.018,-0.95
"282",2023-02-15,0.5,0.72,-0.91,-1.19,-1.06,0.018,-1.69
"283",2023-02-16,-1.37,0.22,0.97,0.81,0.92,0.018,1.44
"284",2023-02-17,-0.28,0.66,-0.14,0.14,0.56,0.018,0.5
"285",2023-02-21,-2.16,-1.13,0.88,0.38,0.83,0.018,1.51
"286",2023-02-22,-0.04,0.44,-0.46,-0.35,-0.43,0.018,-0.65
"287",2023-02-23,0.47,0.12,-0.23,0.2,-0.49,0.018,0.49
"288",2023-02-24,-1.08,-0.24,1.26,0.31,0.42,0.018,1.28
"289",2023-02-27,0.31,0.05,-0.3,0.07,-0.45,0.018,-0.33
"290",2023-02-28,-0.26,0.52,-0.69,-0.57,-0.18,0.018,-0.4
"291",2023-03-01,-0.41,0.39,0.62,0.15,0.73,0.016,1.57
"292",2023-03-02,0.67,-0.52,-0.44,-0.12,0.16,0.016,-0.33
"293",2023-03-03,1.61,-0.08,-0.54,-0.37,-0.77,0.016,-0.75
"294",2023-03-06,-0.13,-1.57,-0.08,0.31,-0.12,0.016,0.62
"295",2023-03-07,-1.45,0.63,-0.68,-0.13,-0.12,0.016,0.26
"296",2023-03-08,0.08,0.07,-0.39,0.43,-0.15,0.016,-0.04
"297",2023-03-09,-2.02,-0.7,-0.76,1.06,0.74,0.016,1.09
"298",2023-03-10,-1.68,-1.41,0.72,1.08,1.16,0.016,0.53
"299",2023-03-13,-0.34,-1.17,-3.6,-1.09,-0.73,0.016,-0.57
"300",2023-03-14,1.72,0.01,-0.36,-0.15,-0.46,0.016,-0.19
"301",2023-03-15,-0.79,-0.51,-1.84,0.31,-0.44,0.016,-1.91
"302",2023-03-16,1.76,0.01,-0.16,0.13,-0.72,0.016,-0.55
"303",2023-03-17,-1.21,-1.06,-1.63,0.27,-0.24,0.016,-0.09
"304",2023-03-20,0.84,-0.35,0.78,0.51,0.76,0.016,1.41
"305",2023-03-21,1.49,0.47,0.73,-0.26,-1.21,0.016,-1.28
"306",2023-03-22,-1.74,-0.8,-0.53,0.79,0.23,0.016,0.77
"307",2023-03-23,0.21,-0.43,-1.54,0.15,-0.85,0.016,-0.47
"308",2023-03-24,0.46,0.18,0.71,0.3,0.38,0.016,0.36
"309",2023-03-27,0.28,0.5,1.03,-0.21,0.41,0.016,0.74
"310",2023-03-28,-0.17,-0.03,0.75,0.11,0.47,0.016,0.75
"311",2023-03-29,1.39,-0.36,-0.54,-0.92,-0.57,0.016,-1.14
"312",2023-03-30,0.51,-0.62,-0.6,0.21,-0.07,0.016,-0.38
"313",2023-03-31,1.53,0.49,-0.76,-0.48,-0.82,0.016,-1.06
"314",2023-04-03,0.28,-0.17,0.79,0.55,0.71,0.018,1.09
"315",2023-04-04,-0.72,-1.13,-0.72,-0.05,-0.01,0.018,-1.23
"316",2023-04-05,-0.39,-1,1.4,0.79,1.29,0.018,0.89
"317",2023-04-06,0.34,-0.03,-0.51,-0.44,-0.16,0.018,-0.95
"318",2023-04-10,0.2,0.85,0.26,-0.02,-0.13,0.018,0.43
"319",2023-04-11,0.06,0.69,0.55,0.05,0.13,0.018,0.02
"320",2023-04-12,-0.51,-0.43,0.37,0.48,0.45,0.018,1.33
"321",2023-04-13,1.39,0.15,-1.19,-0.26,-0.75,0.018,-1.17
"322",2023-04-14,-0.23,-0.76,0.2,0.72,0.13,0.018,0.57
"323",2023-04-17,0.33,0.71,-0.2,-1.29,-0.33,0.018,-0.38
"324",2023-04-18,0.04,-0.41,-0.31,0.05,0.18,0.018,1.09
"325",2023-04-19,-0.04,0.27,0.42,0.01,0.11,0.018,-0.18
"326",2023-04-20,-0.61,0.14,-0.28,0.73,0.53,0.018,1.74
"327",2023-04-21,0.08,0.09,-0.95,-0.63,-0.18,0.018,-0.49
"328",2023-04-24,0,-0.27,0.46,0.68,0.32,0.018,0.52
"329",2023-04-25,-1.76,-0.82,0.09,0.43,0.96,0.018,1.16
"330",2023-04-26,-0.42,-0.04,-0.74,0.02,-0.39,0.018,-0.59
"331",2023-04-27,1.85,-0.6,0,0.45,-0.25,0.018,-0.67
"332",2023-04-28,0.78,0.22,0.19,0.13,0.22,0.018,0
"333",2023-05-01,-0.02,0.19,-0.82,-0.39,0.24,0.016,1.58
"334",2023-05-02,-1.27,-0.74,-1.46,0.61,0.17,0.016,0.9
"335",2023-05-03,-0.57,0.88,-1.03,-0.93,-0.41,0.016,-0.26
"336",2023-05-04,-0.78,-0.52,-1.04,-0.61,-0.32,0.016,0.38
"337",2023-05-05,1.91,0.5,0.69,0.26,-0.72,0.016,-1.26
"338",2023-05-08,0.07,-0.38,-0.3,-0.54,-0.38,0.016,0.27
"339",2023-05-09,-0.43,0.11,-0.02,-0.4,-0.43,0.016,0.61
"340",2023-05-10,0.43,0.2,-1.32,-0.13,-0.83,0.016,0.12
"341",2023-05-11,-0.2,-0.52,-0.09,0.84,0.13,0.016,0.17
"342",2023-05-12,-0.22,-0.1,0.34,0.38,0.48,0.016,0.53
"343",2023-05-15,0.46,0.8,0.02,-0.65,-0.53,0.016,-0.99
"344",2023-05-16,-0.72,-0.46,-0.48,0.79,-0.13,0.016,0.73
"345",2023-05-17,1.31,0.85,1.22,-0.3,-0.32,0.016,-1.63
"346",2023-05-18,0.99,-0.23,-0.38,0.19,-0.71,0.016,-0.3
"347",2023-05-19,-0.26,-0.38,-0.32,-0.02,0.14,0.016,0.47
"348",2023-05-22,0.17,1.12,-0.2,-1.26,-0.94,0.016,-2.13
"349",2023-05-23,-1.1,0.6,1.09,0.18,0.24,0.016,-0.96
"350",2023-05-24,-0.72,-0.39,-0.2,-0.03,-0.07,0.016,0.97
"351",2023-05-25,0.65,-1.04,-1.08,1.8,-1.32,0.016,1.73
"352",2023-05-26,1.32,-0.3,-0.86,-0.23,-0.58,0.016,-0.57
"353",2023-05-30,-0.01,-0.25,-0.42,-0.29,-0.98,0.016,-0.61
"354",2023-05-31,-0.6,-0.26,-1.16,-1.11,0.12,0.016,0.18
"355",2023-06-01,1.02,0.07,-0.06,0.03,-0.41,0.019,0.09
"356",2023-06-02,1.62,1.72,1.66,0.36,0.71,0.019,-1.31
"357",2023-06-05,-0.26,-1.11,-0.75,-0.65,-0.47,0.019,0.43
"358",2023-06-06,0.46,2.25,1.35,-0.2,-0.46,0.019,-1.66
"359",2023-06-07,-0.36,1.89,2.28,0.76,1.39,0.019,-1.46
"360",2023-06-08,0.59,-0.78,-1.16,-0.15,-0.55,0.019,0.42
"361",2023-06-09,0.03,-0.8,-0.41,0.09,-0.22,0.019,0.11
"362",2023-06-12,0.94,-0.26,-1.41,-0.29,-0.78,0.019,-0.06
"363",2023-06-13,0.74,0.53,0.06,-0.5,-0.52,0.019,-1.1
"364",2023-06-14,-0.03,-1.05,-0.92,0.69,-0.27,0.019,1.07
"365",2023-06-15,1.22,-0.37,0.09,0.11,-0.03,0.019,-0.61
"366",2023-06-16,-0.45,-0.51,0.22,0.22,0.41,0.019,-0.64
"367",2023-06-20,-0.49,0.2,-0.69,-0.08,-0.56,0.019,0.56
"368",2023-06-21,-0.56,0.29,0.53,0.61,0.93,0.019,1.28
"369",2023-06-22,0.32,-0.96,-1.26,0.2,-0.55,0.019,0.45
"370",2023-06-23,-0.84,-0.6,0.07,0.23,0.11,0.019,0.18
"371",2023-06-26,-0.48,-0.01,1.29,0.61,0.81,0.019,-0.6
"372",2023-06-27,1.21,0.32,-0.51,0.25,-0.72,0.019,-0.3
"373",2023-06-28,0.03,0.48,-0.44,-0.64,-0.44,0.019,0.23
"374",2023-06-29,0.44,0.76,0.78,0.6,0.48,0.019,-0.32
"375",2023-06-30,1.14,-0.72,-0.78,-0.05,-0.33,0.019,0.81
"376",2023-07-03,0.15,0.27,1.06,0.16,0.11,0.022,-1.13
"377",2023-07-05,-0.29,-1.06,-0.26,-0.29,-0.01,0.022,-0.07
"378",2023-07-06,-0.94,-0.59,-0.69,0.57,0.05,0.022,0.38
"379",2023-07-07,-0.13,1.3,1.21,-0.23,0.18,0.022,-0.68
"380",2023-07-10,0.36,1.24,-0.01,-1.02,0.54,0.022,0.52
"381",2023-07-11,0.76,0.18,0.48,-0.22,0.28,0.022,-0.79
"382",2023-07-12,0.74,0.37,0.46,-0.31,-0.44,0.022,0.08
"383",2023-07-13,0.9,-0.07,-0.1,-0.17,-0.67,0.022,0.16
"384",2023-07-14,-0.25,-0.69,-1.52,0.43,-0.55,0.022,0.77
"385",2023-07-17,0.48,0.64,-0.27,-0.4,-0.05,0.022,0.93
"386",2023-07-18,0.78,0.44,1.08,0.63,-0.45,0.022,-0.48
"387",2023-07-19,0.25,0.26,1.32,0.15,0.17,0.022,-1.84
"388",2023-07-20,-0.81,-0.34,0.65,0.46,1.47,0.022,-0.05
"389",2023-07-21,-0.05,-0.37,-0.36,-0.15,0.11,0.022,-0.78
"390",2023-07-24,0.31,-0.03,0.76,0.96,-0.23,0.022,-0.47
"391",2023-07-25,0.25,-0.23,-0.78,0.49,-0.4,0.022,0.9
"392",2023-07-26,0.01,0.87,1.02,-0.37,0.66,0.022,-1.61
"393",2023-07-27,-0.74,-0.81,0.28,0.38,0.15,0.022,0.98
"394",2023-07-28,1.13,0.43,-0.34,-0.75,-0.39,0.022,0.53
"395",2023-07-31,0.25,1,-0.09,-0.96,0.06,0.022,-0.05
"396",2023-08-01,-0.34,-0.12,0.31,0.19,-0.28,0.02,0.61
"397",2023-08-02,-1.49,-0.05,0.57,0.69,0.66,0.02,-0.29
"398",2023-08-03,-0.19,0.02,0.08,0.31,-0.34,0.02,0.15
"399",2023-08-04,-0.48,0.07,0.76,-0.17,-0.65,0.02,-0.46
"400",2023-08-07,0.78,-1.09,0.6,0.65,-0.09,0.02,0.4
"401",2023-08-08,-0.47,0.09,0.15,0.47,0.02,0.02,0.37
"402",2023-08-09,-0.78,-0.01,-0.04,0.87,0.01,0.02,-0.3
"403",2023-08-10,0.01,-0.45,-0.67,-0.03,-0.05,0.02,-0.3
"404",2023-08-11,-0.11,0.24,0.45,-0.2,0.37,0.02,-0.29
"405",2023-08-14,0.51,-0.85,-0.77,0.11,-0.63,0.02,1.15
"406",2023-08-15,-1.18,0,-1.03,0.2,0.05,0.02,1.06
"407",2023-08-16,-0.81,-0.47,-0.14,0.38,0.02,0.02,-0.18
"408",2023-08-17,-0.87,-0.18,0.49,0.49,0.2,0.02,-1.12
"409",2023-08-18,0.04,0.41,-0.22,0.07,-0.12,0.02,0.49
"410",2023-08-21,0.64,-0.88,-0.59,0.2,-0.87,0.02,0.5
"411",2023-08-22,-0.32,-0.01,-1.04,-0.33,-0.23,0.02,0.45
"412",2023-08-23,1.08,-0.22,-0.12,-0.39,-0.24,0.02,0.74
"413",2023-08-24,-1.42,0.01,0.62,0.51,0.39,0.02,-0.26
"414",2023-08-25,0.65,-0.24,-0.57,-0.36,-0.17,0.02,-0.47
"415",2023-08-28,0.63,0.09,0.41,0.27,0.04,0.02,0.08
"416",2023-08-29,1.5,-0.08,-0.12,-0.05,-0.43,0.02,0.04
"417",2023-08-30,0.41,0.09,-0.46,-0.43,-0.03,0.02,0.34
"418",2023-08-31,-0.08,-0.2,0.22,0.04,-0.24,0.02,0.22
"419",2023-09-01,0.26,0.85,0.58,-0.01,-0.21,0.021,0.32
"420",2023-09-05,-0.54,-1.57,-0.87,-0.31,-0.49,0.021,-0.38
"421",2023-09-06,-0.71,0.01,-0.18,-0.46,0.1,0.021,0.74
"422",2023-09-07,-0.4,-0.69,0.02,-0.2,0.01,0.021,0.14
"423",2023-09-08,0.12,-0.51,0.4,0.29,0.01,0.021,0.09
"424",2023-09-11,0.66,-0.47,-0.53,-0.49,-0.35,0.021,-0.49
"425",2023-09-12,-0.59,0.2,1.01,0.26,0.21,0.021,-0.67
"426",2023-09-13,0.04,-0.87,-0.2,0.26,-0.36,0.021,0.2
"427",2023-09-14,0.83,0.49,0.86,0.82,0.03,0.021,-0.41
"428",2023-09-15,-1.21,0.21,0.25,-0.33,0.48,0.021,-0.62
"429",2023-09-18,-0.04,-0.82,-0.18,0.18,-0.03,0.021,1.27
"430",2023-09-19,-0.26,-0.11,0,0.33,0.3,0.021,-0.07
"431",2023-09-20,-0.95,-0.05,0.26,0.27,0.49,0.021,-0.42
"432",2023-09-21,-1.68,0.34,0.38,0.56,0.12,0.021,0.04
"433",2023-09-22,-0.25,-0.1,-0.5,0.18,-0.17,0.021,0.67
"434",2023-09-25,0.39,-0.07,0.33,0.59,-0.47,0.021,0.13
"435",2023-09-26,-1.46,0.36,-0.5,-0.35,-0.06,0.021,0.39
"436",2023-09-27,0.13,0.78,0.1,0.19,-0.26,0.021,1.15
"437",2023-09-28,0.65,0.19,0.03,0.43,-0.03,0.021,0.27
"438",2023-09-29,-0.28,-0.03,0.32,-0.19,-0.16,0.021,-0.93
"439",2023-10-02,-0.14,-1.27,-1.05,0.87,-0.52,0.021,1.33
"440",2023-10-03,-1.49,-0.26,-0.14,0.3,0.15,0.021,-0.77
"441",2023-10-04,0.77,-0.53,-0.37,-0.39,-0.32,0.021,0.93
"442",2023-10-05,-0.15,0.29,0.1,-0.45,-0.12,0.021,-0.15
"443",2023-10-06,1.21,-0.45,-0.56,-0.32,-0.51,0.021,0.66
"444",2023-10-09,0.59,-0.16,0.25,0.82,-0.39,0.021,0.09
"445",2023-10-10,0.6,0.32,0.63,-0.23,0.2,0.021,-0.59
"446",2023-10-11,0.33,-0.65,0.38,0.64,-0.25,0.021,0.58
"447",2023-10-12,-0.81,-1.49,0.11,1.19,-0.21,0.021,0.25
"448",2023-10-13,-0.59,-0.35,0.06,0.08,0.45,0.021,-0.75
"449",2023-10-16,1.13,0.58,-0.1,-0.36,-0.02,0.021,-0.28
"450",2023-10-17,0.09,1.04,0.7,-0.09,0.32,0.021,-0.61
"451",2023-10-18,-1.46,-0.6,-0.18,0.87,0.45,0.021,0.24
"452",2023-10-19,-0.92,-0.54,-0.22,-0.06,-0.01,0.021,-0.08
"453",2023-10-20,-1.32,0.08,-0.15,0.2,0.38,0.021,0.41
"454",2023-10-23,-0.23,-0.58,-0.78,0.18,-0.44,0.021,0.86
"455",2023-10-24,0.74,0.09,-0.58,-0.91,0.16,0.021,0.6
"456",2023-10-25,-1.57,-0.02,0.85,1.49,0.19,0.021,-0.74
"457",2023-10-26,-1.15,1.19,1.68,-0.75,0.5,0.021,-1.4
"458",2023-10-27,-0.52,-0.59,-0.59,0.43,-0.97,0.021,1.53
"459",2023-10-30,1.15,-0.33,0.29,-0.15,0.17,0.021,0.12
"460",2023-10-31,0.63,0.06,-0.06,-0.84,0.06,0.021,-0.58
"461",2023-11-01,0.93,-0.69,-0.02,0.12,-0.7,0.021,1.76
"462",2023-11-02,1.94,0.71,1.63,-0.23,0.53,0.021,-1.22
"463",2023-11-03,1.1,1.74,0.61,-1.19,0.18,0.021,-1.01
"464",2023-11-06,0.01,-1.24,-0.64,0.88,-0.19,0.021,1.04
"465",2023-11-07,0.35,-0.4,-1.22,-1.27,-0.06,0.021,0.76
"466",2023-11-08,-0.03,-1.01,-0.46,0.44,0.05,0.021,1.07
"467",2023-11-09,-0.89,-1.02,0.49,0.52,-0.29,0.021,1.01
"468",2023-11-10,1.49,-0.62,-0.44,0.74,-0.35,0.021,1.24
"469",2023-11-13,-0.05,0.06,-0.26,-0.3,-0.18,0.021,0.22
"470",2023-11-14,2.18,3.23,1.2,-0.97,-0.25,0.021,-2.02
"471",2023-11-15,0.18,0.13,0.5,-0.13,0.5,0.021,-1.64
"472",2023-11-16,-0.11,-1.5,-0.3,-0.46,-0.36,0.021,0.91
"473",2023-11-17,0.25,1.22,0.63,0.03,0.35,0.021,-0.54
"474",2023-11-20,0.73,-0.11,-0.29,-0.31,-0.3,0.021,0.56
"475",2023-11-21,-0.32,-0.95,-0.61,0.42,-0.03,0.021,0.71
"476",2023-11-22,0.47,0.18,-0.04,-0.38,0,0.021,-0.2
"477",2023-11-24,0.11,0.62,0.18,-0.51,0.24,0.021,-0.31
"478",2023-11-27,-0.23,-0.14,-0.09,0.13,-0.24,0.021,0.78
"479",2023-11-28,0.05,-0.3,0.04,-0.17,0.02,0.021,-0.61
"480",2023-11-29,0.01,0.57,0.69,-0.76,-0.05,0.021,-0.96
"481",2023-11-30,0.35,-0.41,0.01,-0.11,0.18,0.021,0.18
"482",2023-12-01,0.81,2.24,1.07,-0.37,0.57,0.021,-1.58
"483",2023-12-04,-0.44,1.5,0.51,-0.43,0.78,0.021,-0.69
"484",2023-12-05,-0.21,-1.06,-0.83,0.2,-0.43,0.021,1.24
"485",2023-12-06,-0.4,0.37,0.32,-0.23,0.25,0.021,-1.37
"486",2023-12-07,0.81,0.1,0.47,0.07,-0.2,0.021,-0.09
"487",2023-12-08,0.44,0.15,0.52,-0.12,-0.12,0.021,0.62
"488",2023-12-11,0.36,-0.44,-0.12,0.02,0.68,0.021,-0.09
"489",2023-12-12,0.34,-0.64,-0.88,-0.36,-0.21,0.021,0.58
"490",2023-12-13,1.55,1.92,1.35,-0.99,0.15,0.021,-2.07
"491",2023-12-14,0.5,1.83,2.03,0.04,0.42,0.021,-1.62
"492",2023-12-15,-0.06,-0.59,-0.57,0.13,-0.35,0.021,0.92
"493",2023-12-18,0.42,-0.51,-0.37,0.34,-0.25,0.021,1.03
"494",2023-12-19,0.72,1.5,0.69,-0.37,0.06,0.021,-0.51
"495",2023-12-20,-1.55,-0.34,0.13,0.75,0.06,0.021,0.6
"496",2023-12-21,1.09,0.75,-0.04,-0.58,-0.18,0.021,-0.2
"497",2023-12-22,0.2,0.61,0.1,-0.65,0.2,0.021,-0.48
"498",2023-12-26,0.48,0.82,0.44,-0.33,-0.15,0.021,-0.21
"499",2023-12-27,0.16,0.16,0.11,-0.32,-0.14,0.021,0.11
"500",2023-12-28,-0.01,-0.39,0.04,-0.31,0.16,0.021,-0.48
"501",2023-12-29,-0.43,-1.13,-0.37,0.68,-0.08,0.021,0.08
"502",2024-01-02,-0.7,-0.26,0.79,0.68,0.63,0.022,-2.11
"503",2024-01-03,-1.01,-1.93,-0.11,0.36,-0.19,0.022,0.57
"504",2024-01-04,-0.33,0.24,0.09,-0.43,0.25,0.022,-0.3
"505",2024-01-05,0.15,-0.59,0.63,0.1,-0.17,0.022,-0.24
"506",2024-01-08,1.49,0.54,-1.27,-0.98,-0.45,0.022,0.91
"507",2024-01-09,-0.21,-0.75,-0.89,-0.3,-0.17,0.022,0.95
"508",2024-01-10,0.51,-0.3,-0.44,0.25,-0.19,0.022,0.98
"509",2024-01-11,-0.14,-0.66,-0.52,0.45,-0.12,0.022,0.97
"510",2024-01-12,-0.01,-0.22,-0.49,0.12,-0.25,0.022,0.63
"511",2024-01-16,-0.47,-0.88,-0.61,0.14,-0.25,0.022,1.14
"512",2024-01-17,-0.59,-0.16,-0.25,0.26,-0.24,0.022,0.59
"513",2024-01-18,0.87,-0.27,-0.35,0.7,-0.2,0.022,0.91
"514",2024-01-19,1.19,-0.39,0.67,-0.04,-0.24,0.022,0.84
"515",2024-01-22,0.38,1.83,0.58,-0.43,0.1,0.022,-0.04
"516",2024-01-23,0.22,-0.7,-0.55,-0.17,0.22,0.022,-0.63
"517",2024-01-24,-0.01,-0.78,0.05,0.26,-0.38,0.022,0.58
"518",2024-01-25,0.46,0.2,0.57,-0.19,0.55,0.022,-0.31
"519",2024-01-26,-0.02,0.35,-0.27,0.22,-0.03,0.022,-0.12
"520",2024-01-29,0.85,0.89,-0.59,-1.12,-0.32,0.022,0.35
"521",2024-01-30,-0.13,-0.97,0.85,0.99,0.14,0.022,0.46
"522",2024-01-31,-1.74,-0.89,-0.29,-0.21,0.36,0.022,-0.39
"523",2024-02-01,1.23,0.33,-1.35,-0.05,-0.28,0.021,0.32
"524",2024-02-02,0.99,-1.57,-0.51,-0.17,-1.41,0.021,1.65
"525",2024-02-05,-0.42,-0.94,-0.66,0.09,-0.13,0.021,1.25
"526",2024-02-06,0.27,0.76,-0.47,-0.74,0.59,0.021,-1.43
"527",2024-02-07,0.77,-1.03,-0.61,0.63,-0.82,0.021,0.92
"528",2024-02-08,0.21,1.41,0.01,-0.53,-0.2,0.021,-0.04
"529",2024-02-09,0.65,0.84,-0.42,-0.33,-0.42,0.021,0.89
"530",2024-02-12,0.04,1.65,1.11,-0.04,0.44,0.021,-1.39
"531",2024-02-13,-1.6,-2.53,-0.65,0.78,-0.05,0.021,1.17
"532",2024-02-14,1.14,1.37,-0.22,-1.55,-0.18,0.021,0
"533",2024-02-15,0.67,1.23,1.05,-0.2,0.26,0.021,-1.23
"534",2024-02-16,-0.53,-0.65,-0.18,0.08,0.19,0.021,0.08
"535",2024-02-20,-0.73,-0.7,0.33,0.39,0.53,0.021,-0.42
"536",2024-02-21,-0.02,-0.66,0.14,0.88,0.2,0.021,-0.31
"537",2024-02-22,2.02,-1.56,-1.29,0.38,-1.17,0.021,2.15
"538",2024-02-23,0.02,0.32,0,0.09,-0.11,0.021,0.07
"539",2024-02-26,-0.26,0.98,-0.12,-0.74,-0.01,0.021,1.08
"540",2024-02-27,0.27,1.24,-0.44,-1.12,0.67,0.021,-0.91
"541",2024-02-28,-0.26,-0.9,-0.01,-0.05,0.54,0.021,-0.05
"542",2024-02-29,0.53,-0.18,0.98,0.28,-0.72,0.021,0.41
"543",2024-03-01,0.76,0.01,-0.55,-0.24,-0.13,0.021,0.73
"544",2024-03-04,-0.18,-0.61,0.34,-0.19,0.24,0.021,0.06
"545",2024-03-05,-1.07,0.03,1.17,0.94,0.58,0.021,-0.96
"546",2024-03-06,0.53,-0.25,-0.03,-1.09,-0.03,0.021,-0.06
"547",2024-03-07,1.02,-0.48,0.03,0.39,-0.73,0.021,0.06
"548",2024-03-08,-0.66,0.62,0.57,-0.37,0.54,0.021,-0.76
"549",2024-03-11,-0.2,-0.63,0.4,0.45,0.62,0.021,-1.5
"550",2024-03-12,1.04,-1.17,-0.69,0.52,-0.75,0.021,1.85
"551",2024-03-13,-0.14,0.34,-0.02,-0.04,0.17,0.021,-0.01
"552",2024-03-14,-0.42,-1.47,-1.04,1.05,-0.09,0.021,0.64
"553",2024-03-15,-0.58,0.96,0.79,-0.1,0.4,0.021,-0.55
"554",2024-03-18,0.53,-1.02,-0.25,0.21,-0.13,0.021,0.33
"555",2024-03-19,0.54,0.47,-0.27,0.48,0.05,0.021,0.53
"556",2024-03-20,1.02,1.04,1.01,-0.23,-0.06,0.021,0.31
"557",2024-03-21,0.42,0.35,0.95,0.25,0.06,0.021,0.58
"558",2024-03-22,-0.23,-0.98,-0.53,0.28,-0.37,0.021,0.46
"559",2024-03-25,-0.27,-0.1,0.86,-0.22,-0.18,0.021,-0.35
"560",2024-03-26,-0.26,0.09,-0.13,-0.5,0.23,0.021,0.09
"561",2024-03-27,0.88,1.29,0.92,-0.15,0.58,0.021,-1.35
"562",2024-03-28,0.11,0.45,0.49,-0.06,0.09,0.021,-0.43
"563",2024-04-01,-0.26,-0.9,-0.28,0.35,-0.32,0.021,0.27
"564",2024-04-02,-0.85,-1.03,0.03,0.26,0.05,0.021,0.27
"565",2024-04-03,0.17,0.33,-0.03,0.1,-0.19,0.021,0.68
"566",2024-04-04,-1.22,0.22,0.15,0.02,0.07,0.021,-1
"567",2024-04-05,1.06,-0.51,-0.68,-0.28,-0.58,0.021,1.45
"568",2024-04-08,0.01,0.54,0.14,-0.24,0.1,0.021,-0.6
"569",2024-04-09,0.13,0.31,-0.32,-0.17,0.07,0.021,-1.4
"570",2024-04-10,-1,-1.56,-1.04,0.37,-0.44,0.021,0.82
"571",2024-04-11,0.73,0.05,-0.62,0.13,-0.53,0.021,1.29
"572",2024-04-12,-1.53,-0.37,0.11,0.66,-0.25,0.021,-0.04
"573",2024-04-15,-1.29,-0.24,0.76,0.84,0.43,0.021,-0.27
"574",2024-04-16,-0.23,-0.28,-0.83,0.03,-0.25,0.021,0.68
"575",2024-04-17,-0.64,-0.38,0.56,-0.32,0.53,0.021,-0.89
"576",2024-04-18,-0.27,-0.1,0.87,-0.03,0.28,0.021,-0.56
"577",2024-04-19,-0.82,1.25,1.9,-0.1,1.29,0.021,-1.83
"578",2024-04-22,0.87,-0.12,0.54,-0.24,0,0.021,0.53
"579",2024-04-23,1.27,0.57,0,-0.16,-0.61,0.021,1.25
"580",2024-04-24,-0.01,-0.29,0.28,0.23,-0.01,0.021,-0.61
"581",2024-04-25,-0.47,-0.39,-0.2,0.41,-0.1,0.021,0.02
"582",2024-04-26,1.04,0.21,-1.07,0.02,-0.43,0.021,1.16
"583",2024-04-29,0.34,0.34,-0.48,0.22,-0.11,0.021,-0.71
"584",2024-04-30,-1.67,-0.27,-0.25,-0.6,0.62,0.021,-0.64
"585",2024-05-01,-0.27,0.96,0.03,-1.39,0.09,0.02,-0.23
"586",2024-05-02,1.01,0.73,-0.03,0,-0.79,0.02,0.41
"587",2024-05-03,1.18,-0.05,-0.19,0.43,-0.53,0.02,-0.24
"588",2024-05-06,1.08,-0.02,-0.06,-0.24,-0.69,0.02,1.02
"589",2024-05-07,0.05,0.02,-0.6,0.18,0.24,0.02,-0.15
"590",2024-05-08,-0.09,-0.4,0.58,0.71,0.15,0.02,-0.06
"591",2024-05-09,0.52,0.52,0.37,0.01,0.06,0.02,-0.55
"592",2024-05-10,0.09,-0.91,0.01,0.49,-0.06,0.02,0.29
"593",2024-05-13,-0.04,0.25,-0.26,0.14,0.24,0.02,-1.12
"594",2024-05-14,0.56,0.52,0.02,-0.17,-0.03,0.02,-0.29
"595",2024-05-15,1.15,-0.46,-0.22,-0.41,-0.37,0.02,1.13
"596",2024-05-16,-0.25,-0.22,-0.01,-0.04,0.38,0.02,-1.01
"597",2024-05-17,0.11,-0.23,0.4,-0.19,-0.11,0.02,0.33
"598",2024-05-20,0.14,0.16,-0.88,0.15,-0.65,0.02,0.43
"599",2024-05-21,0.16,-0.43,0.18,0.41,-0.3,0.02,0.13
"600",2024-05-22,-0.35,-0.4,-0.37,-0.44,-0.05,0.02,-0.58
"601",2024-05-23,-0.84,-0.68,-0.64,1.3,-0.63,0.02,1.92
"602",2024-05-24,0.72,0.16,0.15,0.29,-0.38,0.02,0.26
"603",2024-05-28,-0.04,0.13,-0.88,0.1,-1.12,0.02,0.54
"604",2024-05-29,-0.77,-0.4,-0.62,0.46,-0.02,0.02,0.26
"605",2024-05-30,-0.53,1.36,1,0.33,1.06,0.02,-0.5
"606",2024-05-31,0.68,-0.02,0.78,0.94,0.78,0.02,-0.68
"607",2024-06-03,0.05,-0.32,-0.57,0.36,-0.44,0.022,-0.19
"608",2024-06-04,-0.06,-1.28,-0.77,-0.21,-0.12,0.022,-0.21
"609",2024-06-05,1.23,0.33,-0.61,-0.45,-0.68,0.022,1.2
"610",2024-06-06,-0.06,-0.57,-0.07,-0.04,-0.17,0.022,-0.56
"611",2024-06-07,-0.23,-0.94,0.07,0.35,0.19,0.022,0.11
"612",2024-06-10,0.27,-0.15,-0.28,-0.21,-0.44,0.022,0.82
"613",2024-06-11,0.2,-0.19,-1.06,0.24,-0.21,0.022,-0.22
"614",2024-06-12,0.94,0.73,0.09,0.09,-0.34,0.022,0.67
"615",2024-06-13,0.05,-1.02,-0.63,0.98,-0.03,0.022,0.68
"616",2024-06-14,-0.16,-1.48,-0.64,0.14,0.07,0.022,0.24
"617",2024-06-17,0.78,-0.32,0.52,0.91,0.23,0.022,-0.12
"618",2024-06-18,0.2,-0.45,0.37,0.28,-0.1,0.022,1.08
"619",2024-06-20,-0.3,-0.35,0.25,-0.63,0.32,0.022,-0.81
"620",2024-06-21,-0.13,0.44,-0.51,-0.81,0.17,0.022,-1.02
"621",2024-06-24,-0.26,0.61,1.09,-0.01,0.64,0.022,-0.79
"622",2024-06-25,0.31,-0.83,-1.21,0.08,-1.2,0.022,1.22
"623",2024-06-26,0.16,-0.01,-0.21,0.45,-0.28,0.022,-0.39
"624",2024-06-27,0.14,0.53,-0.39,-0.97,-0.11,0.022,-0.21
"625",2024-06-28,-0.35,1.01,1.27,-0.19,0.71,0.022,0.34
"626",2024-07-01,0.23,-1.06,-0.48,0.48,-0.34,0.021,0.88
"627",2024-07-02,0.57,-0.47,0.4,0.48,-0.61,0.021,-0.5
"628",2024-07-03,0.48,-0.29,-0.69,-0.03,0.58,0.021,0.21
"629",2024-07-05,0.48,-0.79,-1.43,-0.33,-1.03,0.021,-0.29
"630",2024-07-08,0.1,0.52,-0.19,-0.32,0.47,0.021,0.3
"631",2024-07-09,0,-0.61,0.5,-0.47,0.67,0.021,0.42
"632",2024-07-10,0.97,-0.13,0.41,0.2,0.18,0.021,0.37
"633",2024-07-11,-0.6,4.21,1.77,-1.03,-0.09,0.021,-1.36
"634",2024-07-12,0.58,0.63,-0.47,-0.47,0.13,0.021,-0.74
"635",2024-07-15,0.38,1.17,0.57,-0.23,-0.37,0.021,0.67
"636",2024-07-16,0.82,2.77,1.34,-0.62,0.05,0.021,-1.27
"637",2024-07-17,-1.49,0.5,2.46,0.78,-0.11,0.021,-1.87
"638",2024-07-18,-0.95,-1.13,0.03,0.97,0.4,0.021,0.89
"639",2024-07-19,-0.68,0.08,-0.13,-0.11,-0.49,0.021,0.49
"640",2024-07-22,1.08,0.53,-0.55,-0.34,0.69,0.021,0.58
"641",2024-07-23,-0.07,1.15,0.01,-0.43,-0.17,0.021,0.72
"642",2024-07-24,-2.4,0.04,1.73,0.13,0.05,0.021,-0.49
"643",2024-07-25,-0.3,1.65,0.67,-0.13,0.14,0.021,-1.68
"644",2024-07-26,1.1,0.55,-0.17,0.07,0.13,0.021,0.14
"645",2024-07-29,-0.02,-0.99,-0.48,0.65,-0.22,0.021,-0.49
"646",2024-07-30,-0.5,0.71,1.37,0.42,-1.05,0.021,-1.08
"647",2024-07-31,1.52,-0.97,-1.34,0.5,1.4,0.021,1
"648",2024-08-01,-1.61,-1.23,-0.65,0.88,-0.93,0.022,0.02
"649",2024-08-02,-2.11,-1.19,-0.76,0.91,0.8,0.022,-1.38
"650",2024-08-05,-3.02,-0.34,0.01,-0.09,-0.16,0.022,-0.16
"651",2024-08-06,1,-0.04,-0.57,-0.12,0.27,0.022,1.3
"652",2024-08-07,-0.83,-0.46,0.72,0.68,-0.89,0.022,-0.15
"653",2024-08-08,2.38,0.09,-0.81,-0.55,0.07,0.022,0.92
"654",2024-08-09,0.43,-0.76,-0.34,0.23,-0.16,0.022,1.47
"655",2024-08-12,-0.08,-0.87,-0.59,0.08,0.4,0.022,1.27
"656",2024-08-13,1.69,0.16,-0.74,-0.49,1.07,0.022,-0.34
"657",2024-08-14,0.3,-1.09,0.25,0.14,0.37,0.022,0.78
"658",2024-08-15,1.77,0.96,-0.75,-0.45,0.42,0.022,0.05
"659",2024-08-16,0.22,0.04,0.77,-0.23,0.51,0.022,0.09
"660",2024-08-19,0.98,0.23,-0.26,-1.03,0.48,0.022,0.21
"661",2024-08-20,-0.31,-0.75,-0.65,0.38,-0.65,0.022,0.07
"662",2024-08-21,0.51,0.85,-0.64,-0.42,0.19,0.022,0.09
"663",2024-08-22,-0.96,-0.24,1.37,0.51,-0.24,0.022,0.34
"664",2024-08-23,1.29,1.89,0.84,-0.5,0.71,0.022,0.13
"665",2024-08-26,-0.34,0.33,0.19,0.14,-0.05,0.022,-0.43
"666",2024-08-27,0.05,-0.88,0.02,0.27,0.24,0.022,0.52
"667",2024-08-28,-0.66,-0.21,1.15,0.57,-0.18,0.022,0.34
"668",2024-08-29,0.07,0.67,0.3,-0.12,-1.21,0.022,-0.77
"669",2024-08-30,0.98,-0.56,0.06,-0.19,-0.14,0.022,0.67
"670",2024-09-03,-2.26,-0.73,1.38,0.64,-0.81,0.02,-0.71
"671",2024-09-04,-0.22,0.12,-0.58,-0.27,-0.07,0.02,-0.21
"672",2024-09-05,-0.31,-0.06,-0.69,-0.25,0.02,0.02,-0.36
"673",2024-09-06,-1.82,-0.08,0.18,0.33,-0.05,0.02,-0.15
"674",2024-09-09,1.09,-1.06,-0.73,-1.08,0.37,0.02,0.89
"675",2024-09-10,0.4,-0.28,-0.83,-0.08,-0.17,0.02,-0.04
"676",2024-09-11,1.04,-0.66,-1.65,-0.2,0.58,0.02,0.87
"677",2024-09-12,0.8,0.46,-0.52,0.39,-0.07,0.02,0.56
"678",2024-09-13,0.7,1.9,0.02,-0.29,0.3,0.02,-0.18
"679",2024-09-16,0.16,0,0.91,0.37,-0.45,0.02,-0.17
"680",2024-09-17,0.08,0.77,0.55,0.39,-0.32,0.02,-0.42
"681",2024-09-18,-0.25,0.26,0.27,0.05,-0.37,0.02,0.03
"682",2024-09-19,1.77,0.33,-0.2,-0.19,-0.04,0.02,0.61
"683",2024-09-20,-0.27,-0.78,-0.63,0.23,-0.35,0.02,0.7
"684",2024-09-23,0.21,-0.81,-0.11,0.44,-0.24,0.02,-0.57
"685",2024-09-24,0.24,-0.12,-0.58,-0.28,0.81,0.02,-0.01
"686",2024-09-25,-0.29,-0.92,-0.7,-0.05,0.15,0.02,0.98
"687",2024-09-26,0.43,0.22,0.43,-0.53,0.55,0.02,-0.65
"688",2024-09-27,-0.09,0.7,0.56,0.12,-0.07,0.02,-1.62
"689",2024-09-30,0.36,-0.09,0.15,0.41,-0.02,0.02,0.61
"690",2024-10-01,-0.97,-0.65,-0.03,0.8,-0.59,0.017,-0.45
"691",2024-10-02,0,-0.27,-0.18,-0.5,0.4,0.017,0.49
"692",2024-10-03,-0.23,-0.66,0.19,0.46,0.32,0.017,0.79
"693",2024-10-04,1.03,0.48,0.28,-0.53,-0.17,0.017,0.04
"694",2024-10-07,-0.97,-0.19,0.29,0.08,0.77,0.017,0.01
"695",2024-10-08,0.87,-0.75,-1.14,-0.31,0.21,0.017,1.45
"696",2024-10-09,0.69,-0.47,0.19,0.15,-0.23,0.017,0.08
"697",2024-10-10,-0.2,-0.38,0.09,0.15,0.15,0.017,-0.15
"698",2024-10-11,0.75,1.27,0.76,-0.99,0,0.017,1.12
"699",2024-10-14,0.7,-0.12,-0.32,-0.11,0.48,0.017,0.49
"700",2024-10-15,-0.72,0.98,0.51,-0.26,-0.45,0.017,0.22
"701",2024-10-16,0.52,1.04,0.54,-0.33,0.66,0.017,0.26
"702",2024-10-17,-0.05,-0.09,0.16,0.29,0.07,0.017,-0.21
"703",2024-10-18,0.36,-0.44,-0.75,-0.57,0.14,0.017,0.05
"704",2024-10-21,-0.29,-1.37,-1.2,-0.17,0.44,0.017,0.49
"705",2024-10-22,-0.11,-0.26,0.57,0.1,-0.32,0.017,0.05
"706",2024-10-23,-0.97,-0.02,1.09,0.28,-0.09,0.017,-0.33
"707",2024-10-24,0.29,0.08,-0.29,-0.02,-0.34,0.017,0.01
"708",2024-10-25,-0.08,-0.28,-0.83,0.07,-0.32,0.017,-0.06
"709",2024-10-28,0.38,1.34,0.63,-0.6,-0.09,0.017,0.38
"710",2024-10-29,0.15,-0.22,-1.08,-0.3,-0.13,0.017,0.54
"711",2024-10-30,-0.32,0.17,0.75,0.41,-0.11,0.017,-0.33
"712",2024-10-31,-1.8,-0.01,0.64,0.42,0.19,0.017,-1.1
"713",2024-11-01,0.47,0.33,-1.07,-0.38,0.17,0.02,-0.28
"714",2024-11-04,-0.27,0.69,-0.55,0.17,0.37,0.02,-0.45
"715",2024-11-05,1.3,0.66,-0.14,-0.41,-0.2,0.02,0.84
"716",2024-11-06,2.91,2.67,3.5,-0.08,-1.05,0.02,1.11
"717",2024-11-07,0.66,-0.91,-2.76,-0.03,0.22,0.02,0.37
"718",2024-11-08,0.43,0.37,-0.51,-0.36,-0.76,0.02,1.06
"719",2024-11-11,0.32,1.13,0.84,-0.87,-0.75,0.02,-0.93
"720",2024-11-12,-0.38,-1.34,0.14,0.59,0.49,0.02,0.41
"721",2024-11-13,-0.12,-0.96,0.18,0.37,0.15,0.02,-0.64
"722",2024-11-14,-0.71,-0.69,0.71,0.7,0.16,0.02,0.17
"723",2024-11-15,-1.38,-0.38,1.65,0.17,-0.3,0.02,-0.21
"724",2024-11-18,0.41,-0.36,-0.03,-0.12,-0.55,0.02,-0.27
"725",2024-11-19,0.49,0.25,-1.64,-0.92,0.55,0.02,1.28
"726",2024-11-20,0.04,0.06,-0.11,0.05,-0.07,0.02,-0.25
"727",2024-11-21,0.65,0.9,0.29,-0.38,0.64,0.02,-0.2
"728",2024-11-22,0.53,1.4,0.42,-0.68,-0.63,0.02,-0.37
"729",2024-11-25,0.41,1.29,0.23,0.07,-0.46,0.02,-1.28
"730",2024-11-26,0.42,-1.07,-0.67,0.54,-0.35,0.02,1.23
"731",2024-11-27,-0.4,0.44,0.47,-0.6,0.1,0.02,-0.84
"732",2024-11-29,0.54,-0.05,-0.64,-0.06,0.32,0.02,0.07
"733",2024-12-02,0.23,0.19,-0.66,0.51,-0.39,0.017,-0.63
"734",2024-12-03,0.04,-0.78,-0.56,0.36,-0.14,0.017,0.89
"735",2024-12-04,0.7,-0.19,-1.26,-1.08,-0.05,0.017,0.59
"736",2024-12-05,-0.28,-0.96,0.48,0.54,-0.11,0.017,0.7
"737",2024-12-06,0.35,0.39,-1.06,-1.07,-0.7,0.017,0.18
"738",2024-12-09,-0.73,0.44,0.13,0.69,-0.03,0.017,-2.8
"739",2024-12-10,-0.36,0.1,0.14,1.13,-0.71,0.017,-0.06
"740",2024-12-11,0.87,-0.19,-0.58,-0.07,-0.39,0.017,1.35
"741",2024-12-12,-0.62,-0.78,0.41,0.36,0.14,0.017,-0.28
"742",2024-12-13,-0.06,-0.51,-0.3,0.32,-0.3,0.017,0.66
"743",2024-12-16,0.46,0.41,-1.06,-1.1,-0.93,0.017,1.14
"744",2024-12-17,-0.49,-0.54,-0.56,0.08,-0.07,0.017,-0.65
"745",2024-12-18,-3.17,-1.27,0.09,1.06,0.76,0.017,-0.86
"746",2024-12-19,-0.12,-0.25,-0.01,0.28,0.16,0.017,0.94
"747",2024-12-20,1.07,-0.26,0.07,-1.2,0.64,0.017,0.19
"748",2024-12-23,0.61,-0.86,-0.2,0.29,0.66,0.017,-0.07
"749",2024-12-24,1.11,-0.12,-0.06,-0.11,-0.36,0.017,0.66
"750",2024-12-26,0.01,1.07,-0.19,-0.42,0.36,0.017,0
"751",2024-12-27,-1.17,-0.44,0.57,0.39,0.04,0.017,-0.85
"752",2024-12-30,-1.09,0.25,0.74,0.55,0.14,0.017,0.09
"753",2024-12-31,-0.46,0.32,0.71,0.33,0.02,0.017,-1.06
"754",2025-01-02,-0.16,-0.02,-0.32,-0.65,0.61,0.019,0.49
"755",2025-01-03,1.34,0.29,-0.94,-1.26,0.37,0.019,0.79
"756",2025-01-06,0.55,-0.62,-0.33,-0.4,0.55,0.019,0.02
"757",2025-01-07,-1.18,0.13,0.84,0.2,-1.05,0.019,-1.58
"758",2025-01-08,0.1,-0.59,-0.12,0.78,-0.02,0.019,0.72
"759",2025-01-10,-1.55,-0.82,-0.19,1.16,-0.51,0.019,-0.44
"760",2025-01-13,0.12,-0.18,1.2,0.77,-0.25,0.019,-0.89
"761",2025-01-14,0.17,0.77,1.65,0.42,-0.32,0.019,0.77
"762",2025-01-15,1.91,0.26,0.09,-0.58,-0.28,0.019,1.57
"763",2025-01-16,-0.19,0.15,0.17,-0.39,-0.28,0.019,-0.51
"764",2025-01-17,0.96,-0.59,0.09,-0.16,0.08,0.019,0.79
"765",2025-01-21,0.96,0.99,-1.02,-0.89,0.34,0.019,0.42
"766",2025-01-22,0.54,-0.97,-1.22,0.06,0.38,0.019,0.7
"767",2025-01-23,0.48,-0.01,-0.26,-0.44,0.3,0.019,-0.48
"768",2025-01-24,-0.27,0.06,0.68,0.06,-0.6,0.019,0.01
"769",2025-01-27,-1.49,0.32,2.52,-0.13,-1.7,0.019,-3.28
"770",2025-01-28,0.92,-0.52,-1.65,-0.58,0.51,0.019,1.87
"771",2025-01-29,-0.43,0.22,0.49,0.4,-0.53,0.019,0.18
"772",2025-01-30,0.58,0.34,-0.02,-0.29,0.06,0.019,0.61
"773",2025-01-31,-0.53,-0.38,-0.18,-0.39,-0.69,0.019,0.49
"774",2025-02-03,-0.82,-0.68,-0.25,-0.23,-0.41,0.017,0.21
"775",2025-02-04,0.77,0.81,-0.11,-0.32,-0.32,0.017,0.54
"776",2025-02-05,0.39,0.49,0.3,-0.38,1.29,0.017,0.3
"777",2025-02-06,0.29,-0.56,0.6,0.33,0.35,0.017,1.1
"778",2025-02-07,-0.98,-0.39,-0.02,-0.6,0.14,0.017,0.01
"779",2025-02-10,0.66,-0.1,-1.11,-0.09,0.28,0.017,-0.38
"780",2025-02-11,-0.14,-0.44,1.3,1.49,0.18,0.017,-0.45
"781",2025-02-12,-0.31,-0.66,-0.65,-0.94,0.03,0.017,0.07
"782",2025-02-13,1.1,0.22,-0.17,-0.33,0.38,0.017,0.37
"783",2025-02-14,0.02,-0.18,0.47,-0.13,0.75,0.017,0.05
"784",2025-02-18,0.25,-0.08,0.28,-0.49,0.16,0.017,-0.71
"785",2025-02-19,0.09,-0.61,-0.07,0.47,0.17,0.017,-0.31
"786",2025-02-20,-0.61,-0.54,-0.14,0.56,0.42,0.017,-1.2
"787",2025-02-21,-1.9,-0.86,0.77,0.6,0.07,0.017,-1.29
"788",2025-02-24,-0.57,-0.51,1.2,0.79,-0.09,0.017,-1.22
"789",2025-02-25,-0.58,0.16,0.7,1.49,-0.15,0.017,-0.46
"790",2025-02-26,0.02,-0.1,-0.34,-0.98,0.54,0.017,1.37
"791",2025-02-27,-1.65,-0.24,2.13,0.3,-1,0.017,-0.7
"792",2025-02-28,1.59,-0.81,0.13,-0.46,0.34,0.017,1.45
"793",2025-03-03,-1.93,-0.93,1.08,0.43,-0.88,0.016,-0.24
"794",2025-03-04,-1.27,0.35,-2.1,-0.22,0.25,0.016,-0.79
"795",2025-03-05,1.16,0.16,-0.83,-0.71,-0.22,0.016,-0.32
"796",2025-03-06,-1.92,0.41,0.92,1.54,-0.11,0.016,-2.64
"797",2025-03-07,0.47,-0.06,-0.33,0.55,0.75,0.016,-1.09
"798",2025-03-10,-2.9,-0.18,0.72,1.58,0.33,0.016,-2.15
"799",2025-03-11,-0.63,0.79,-0.13,-1.19,-0.45,0.016,1.6
"800",2025-03-12,0.51,-0.44,-0.33,-1.4,0.49,0.016,1.94
"801",2025-03-13,-1.49,-0.66,1.42,0.08,0.7,0.016,-0.37
"802",2025-03-14,2.21,0.21,0.08,-0.72,0.09,0.016,0.79
"803",2025-03-17,0.72,0.33,0.14,-0.55,0.05,0.016,-0.8
"804",2025-03-18,-1.13,0.1,1.03,0.37,-0.18,0.016,-0.73
"805",2025-03-19,1.2,0.44,-0.41,-0.02,-0.45,0.016,1.37
"806",2025-03-20,-0.24,-0.42,0.22,-0.13,0.18,0.016,0.2
"807",2025-03-21,0.08,-0.44,-0.71,-0.07,-0.29,0.016,0.63
"808",2025-03-24,1.93,0.56,-0.43,-0.55,-0.42,0.016,0.82
"809",2025-03-25,0.12,-0.89,0.05,0.17,-0.68,0.016,0.86
"810",2025-03-26,-1.22,0.09,1.52,1.11,-0.14,0.016,-0.95
"811",2025-03-27,-0.42,0.23,0.3,0.29,-0.14,0.016,-0.49
"812",2025-03-28,-2.07,-0.32,0.4,0.37,0.75,0.016,0.24
"813",2025-03-31,0.4,-0.85,0.37,1.18,-0.11,0.016,0.69
"814",2025-04-01,0.4,-0.44,0.03,0.67,-0.39,0.017,0.74
"815",2025-04-02,0.81,0.82,-0.11,-0.61,-0.4,0.017,-0.33
"816",2025-04-03,-5.13,-1.64,-0.5,0.04,-0.58,0.017,1.55
"817",2025-04-04,-5.92,1.99,-0.24,1.27,-0.15,0.017,-0.37
"818",2025-04-07,-0.23,-0.74,-0.24,-0.67,0.16,0.017,0.85
"819",2025-04-08,-1.67,-1.18,0.97,0.17,-0.3,0.017,2.08
"820",2025-04-09,9.65,-0.67,-3.06,-0.67,0.56,0.017,-2.07
"821",2025-04-10,-3.54,-0.72,-0.14,0.63,-0.53,0.017,1.55
"822",2025-04-11,1.76,-0.38,-1.01,-0.07,0,0.017,-0.34
"823",2025-04-14,0.79,0.16,0.36,-0.64,0.08,0.017,0.47
"824",2025-04-15,-0.14,0.12,0.45,-0.87,0.37,0.017,1.39
"825",2025-04-16,-2.22,1.13,1.33,0.07,-0.67,0.017,-0.26
"826",2025-04-17,0.22,0.57,0.74,0.52,-0.29,0.017,-0.91
"827",2025-04-21,-2.4,0.19,0.69,-0.13,0.14,0.017,-1.18
"828",2025-04-22,2.56,0.14,0.24,-0.27,-0.25,0.017,0.47
"829",2025-04-23,1.75,-0.13,-0.66,-1.09,0.05,0.017,0.88
"830",2025-04-24,2.14,-0.04,-0.94,-1.2,0.03,0.017,-0.32
"831",2025-04-25,0.64,-0.47,-1.15,0.01,-0.16,0.017,0.47
"832",2025-04-28,0.08,0.32,0.14,-0.02,-0.17,0.017,0.11
"833",2025-04-29,0.58,-0.07,-0.04,-0.31,-0.14,0.017,0.58
"834",2025-04-30,0.03,-0.86,-0.6,-0.02,0.08,0.017,0.14
"835",2025-05-01,0.59,0.25,-0.29,0.81,-0.35,0.018,0.6
"836",2025-05-02,1.56,0.72,0.29,-0.2,0.03,0.018,-0.11
"837",2025-05-05,-0.66,-0.15,-0.5,0.3,0.09,0.018,0.37
"838",2025-05-06,-0.81,-0.33,0.62,1.39,0.21,0.018,0.84
"839",2025-05-07,0.4,-0.32,-0.04,-0.37,0.61,0.018,-0.34
"840",2025-05-08,0.75,1.46,-0.07,-0.95,0.09,0.018,-1.55
"841",2025-05-09,-0.09,-0.15,0.57,0.41,-0.33,0.018,-0.26
"842",2025-05-12,3.36,0.3,-1.42,0.2,0.14,0.018,-3.29
"843",2025-05-13,0.79,-0.31,-0.16,-0.28,0.55,0.018,0.19
"844",2025-05-14,0.08,-0.83,-0.87,0.1,0.25,0.018,1.03
"845",2025-05-15,0.3,0.13,0.44,0.33,0.65,0.018,0.47
"846",2025-05-16,0.74,0.04,-0.43,-0.48,-0.01,0.018,-0.05
"847",2025-05-19,0.01,-0.49,-0.07,0.17,-0.01,0.018,0.69
"848",2025-05-20,-0.38,0.41,-0.12,-0.47,0.02,0.018,-0.28
"849",2025-05-21,-1.73,-1.06,-0.3,0.72,-0.46,0.018,1.36
"850",2025-05-22,-0.01,0.15,-0.42,-0.33,0.34,0.018,-0.34
"851",2025-05-23,-0.67,0.07,0.39,-0.33,-0.02,0.018,0.99
"852",2025-05-27,2.07,0.46,-0.28,0.12,0.39,0.018,-0.49
"853",2025-05-28,-0.62,-0.44,-0.23,-0.22,0.25,0.018,0.36
"854",2025-05-29,0.33,-0.11,0.34,0.11,0.72,0.018,-0.25
"855",2025-05-30,-0.02,-0.38,-0.21,0.12,-0.76,0.018,1.33
